Class,ID
children_playing,5
dog_bark,7
drilling,8
dog_bark,9
jackhammer,13
drilling,14
air_conditioner,16
jackhammer,21
drilling,23
engine_idling,25
engine_idling,28
car_horn,29
dog_bark,30
car_horn,31
street_music,34
engine_idling,39
dog_bark,41
car_horn,51
children_playing,53
street_music,55
air_conditioner,58
drilling,62
drilling,64
street_music,69
street_music,70
jackhammer,73
street_music,75
air_conditioner,85
engine_idling,86
street_music,89
engine_idling,94
children_playing,95
jackhammer,96
car_horn,98
children_playing,102
jackhammer,106
engine_idling,107
car_horn,108
jackhammer,109
jackhammer,110
dog_bark,111
street_music,112
air_conditioner,115
jackhammer,122
drilling,124
car_horn,126
car_horn,127
jackhammer,129
jackhammer,133
dog_bark,141
street_music,143
jackhammer,144
engine_idling,145
children_playing,147
engine_idling,150
jackhammer,151
engine_idling,154
jackhammer,155
air_conditioner,156
dog_bark,157
engine_idling,158
air_conditioner,161
air_conditioner,166
engine_idling,169
engine_idling,173
car_horn,177
air_conditioner,180
street_music,181
siren,183
car_horn,190
gun_shot,191
engine_idling,194
car_horn,195
jackhammer,198
air_conditioner,199
drilling,201
car_horn,203
jackhammer,204
air_conditioner,205
street_music,206
engine_idling,207
children_playing,209
gun_shot,210
jackhammer,220
jackhammer,225
jackhammer,231
car_horn,234
car_horn,237
air_conditioner,238
car_horn,240
engine_idling,241
jackhammer,243
car_horn,244
dog_bark,254
air_conditioner,256
jackhammer,257
jackhammer,259
engine_idling,262
air_conditioner,265
dog_bark,266
jackhammer,267
jackhammer,273
street_music,274
dog_bark,279
car_horn,281
siren,283
air_conditioner,284
jackhammer,287
street_music,289
dog_bark,290
children_playing,291
jackhammer,292
children_playing,293
drilling,294
jackhammer,296
siren,297
engine_idling,298
engine_idling,302
car_horn,320
engine_idling,321
air_conditioner,325
car_horn,340
dog_bark,341
street_music,344
engine_idling,345
air_conditioner,362
gun_shot,373
dog_bark,375
car_horn,379
car_horn,384
street_music,387
car_horn,389
engine_idling,390
engine_idling,393
jackhammer,398
street_music,399
air_conditioner,403
car_horn,404
street_music,405
children_playing,409
jackhammer,415
siren,416
air_conditioner,420
engine_idling,421
dog_bark,422
drilling,424
siren,431
engine_idling,432
street_music,433
jackhammer,434
street_music,439
dog_bark,441
street_music,443
engine_idling,448
car_horn,451
jackhammer,458
siren,460
jackhammer,463
jackhammer,465
siren,466
engine_idling,469
dog_bark,476
street_music,478
jackhammer,481
street_music,483
jackhammer,487
engine_idling,490
siren,492
drilling,494
air_conditioner,496
dog_bark,499
street_music,502
engine_idling,503
jackhammer,504
dog_bark,505
car_horn,508
jackhammer,510
jackhammer,514
air_conditioner,517
air_conditioner,518
jackhammer,521
drilling,526
street_music,529
jackhammer,530
jackhammer,531
children_playing,535
jackhammer,536
children_playing,539
car_horn,541
car_horn,545
car_horn,546
car_horn,548
jackhammer,550
air_conditioner,552
siren,553
jackhammer,558
jackhammer,563
siren,574
dog_bark,577
car_horn,581
street_music,582
jackhammer,588
engine_idling,591
street_music,592
dog_bark,595
gun_shot,596
drilling,601
street_music,602
jackhammer,608
street_music,609
engine_idling,616
air_conditioner,617
engine_idling,618
dog_bark,625
engine_idling,626
jackhammer,627
engine_idling,628
dog_bark,632
engine_idling,634
engine_idling,637
siren,638
car_horn,640
drilling,641
siren,644
jackhammer,647
children_playing,649
air_conditioner,650
air_conditioner,653
car_horn,667
gun_shot,668
engine_idling,672
siren,674
street_music,675
car_horn,678
engine_idling,680
street_music,681
dog_bark,682
car_horn,696
children_playing,700
street_music,701
dog_bark,706
jackhammer,707
car_horn,708
dog_bark,711
jackhammer,715
dog_bark,718
dog_bark,723
children_playing,725
engine_idling,731
dog_bark,736
car_horn,741
engine_idling,743
engine_idling,745
street_music,747
car_horn,756
drilling,759
car_horn,762
drilling,763
jackhammer,767
children_playing,768
jackhammer,769
air_conditioner,774
street_music,775
street_music,777
dog_bark,779
children_playing,781
jackhammer,782
dog_bark,786
car_horn,788
jackhammer,789
dog_bark,793
engine_idling,795
siren,797
engine_idling,800
air_conditioner,805
jackhammer,806
jackhammer,808
air_conditioner,814
car_horn,815
air_conditioner,818
drilling,822
engine_idling,823
children_playing,827
drilling,828
siren,831
jackhammer,836
engine_idling,837
drilling,842
drilling,846
jackhammer,847
children_playing,852
drilling,856
jackhammer,861
jackhammer,862
street_music,866
jackhammer,873
jackhammer,877
car_horn,879
street_music,880
jackhammer,888
dog_bark,890
air_conditioner,895
jackhammer,897
drilling,902
jackhammer,903
car_horn,908
street_music,909
drilling,910
street_music,917
siren,918
children_playing,920
gun_shot,924
street_music,931
jackhammer,934
drilling,935
dog_bark,936
car_horn,939
car_horn,940
air_conditioner,942
jackhammer,944
siren,947
air_conditioner,949
drilling,950
engine_idling,958
car_horn,960
air_conditioner,961
street_music,962
siren,966
jackhammer,967
children_playing,968
street_music,969
children_playing,970
air_conditioner,974
engine_idling,976
jackhammer,981
jackhammer,982
drilling,983
jackhammer,984
dog_bark,988
dog_bark,989
street_music,992
street_music,993
car_horn,994
engine_idling,997
air_conditioner,998
street_music,999
siren,1002
engine_idling,1005
drilling,1009
dog_bark,1010
children_playing,1011
engine_idling,1012
street_music,1013
street_music,1016
engine_idling,1019
siren,1020
engine_idling,1023
car_horn,1031
car_horn,1033
siren,1035
jackhammer,1037
dog_bark,1039
drilling,1041
air_conditioner,1046
street_music,1050
air_conditioner,1053
jackhammer,1057
jackhammer,1060
dog_bark,1064
engine_idling,1065
drilling,1067
street_music,1073
engine_idling,1075
siren,1081
car_horn,1084
air_conditioner,1086
jackhammer,1093
street_music,1094
jackhammer,1095
engine_idling,1097
jackhammer,1099
engine_idling,1101
engine_idling,1102
street_music,1103
children_playing,1104
street_music,1107
air_conditioner,1108
engine_idling,1109
jackhammer,1110
engine_idling,1111
engine_idling,1114
jackhammer,1117
jackhammer,1121
engine_idling,1122
jackhammer,1123
dog_bark,1124
engine_idling,1125
air_conditioner,1127
jackhammer,1128
siren,1130
street_music,1132
jackhammer,1135
street_music,1136
engine_idling,1138
children_playing,1140
car_horn,1141
dog_bark,1142
drilling,1144
car_horn,1146
air_conditioner,1153
dog_bark,1154
car_horn,1155
siren,1159
jackhammer,1161
car_horn,1163
engine_idling,1164
jackhammer,1165
dog_bark,1166
street_music,1167
children_playing,1169
engine_idling,1170
jackhammer,1171
car_horn,1172
jackhammer,1173
street_music,1177
children_playing,1178
jackhammer,1179
air_conditioner,1184
car_horn,1185
siren,1190
drilling,1192
jackhammer,1193
jackhammer,1194
air_conditioner,1196
siren,1197
car_horn,1198
siren,1199
drilling,1201
jackhammer,1202
street_music,1204
jackhammer,1207
car_horn,1208
jackhammer,1211
children_playing,1212
car_horn,1213
engine_idling,1215
children_playing,1216
air_conditioner,1221
air_conditioner,1222
gun_shot,1223
jackhammer,1225
dog_bark,1227
street_music,1229
dog_bark,1233
car_horn,1234
dog_bark,1238
dog_bark,1239
children_playing,1247
air_conditioner,1249
drilling,1250
street_music,1253
car_horn,1254
jackhammer,1258
jackhammer,1260
street_music,1263
street_music,1264
air_conditioner,1266
jackhammer,1268
street_music,1274
dog_bark,1280
jackhammer,1281
car_horn,1282
drilling,1283
street_music,1284
air_conditioner,1285
street_music,1288
drilling,1290
drilling,1291
jackhammer,1293
dog_bark,1299
car_horn,1304
air_conditioner,1307
jackhammer,1309
jackhammer,1313
jackhammer,1315
dog_bark,1320
siren,1324
jackhammer,1325
drilling,1331
drilling,1333
car_horn,1336
children_playing,1340
car_horn,1342
drilling,1343
air_conditioner,1344
car_horn,1348
street_music,1354
air_conditioner,1359
engine_idling,1360
jackhammer,1362
jackhammer,1364
engine_idling,1369
siren,1372
engine_idling,1373
car_horn,1374
siren,1375
street_music,1376
drilling,1379
jackhammer,1382
jackhammer,1383
jackhammer,1387
jackhammer,1389
children_playing,1391
street_music,1392
street_music,1395
drilling,1397
engine_idling,1401
gun_shot,1402
siren,1403
dog_bark,1406
drilling,1407
engine_idling,1408
drilling,1410
engine_idling,1411
engine_idling,1413
engine_idling,1416
siren,1420
dog_bark,1421
drilling,1422
drilling,1424
drilling,1426
engine_idling,1427
jackhammer,1429
dog_bark,1430
siren,1433
jackhammer,1434
dog_bark,1438
jackhammer,1439
drilling,1440
street_music,1441
air_conditioner,1442
air_conditioner,1443
siren,1445
car_horn,1451
jackhammer,1453
jackhammer,1455
car_horn,1456
jackhammer,1457
street_music,1463
dog_bark,1464
street_music,1465
drilling,1466
jackhammer,1474
drilling,1476
air_conditioner,1482
car_horn,1484
dog_bark,1486
street_music,1487
siren,1490
air_conditioner,1494
jackhammer,1495
jackhammer,1499
engine_idling,1504
street_music,1505
dog_bark,1507
jackhammer,1509
drilling,1513
car_horn,1514
jackhammer,1519
jackhammer,1522
air_conditioner,1524
air_conditioner,1526
air_conditioner,1533
car_horn,1535
air_conditioner,1538
car_horn,1539
jackhammer,1541
jackhammer,1543
jackhammer,1544
drilling,1545
street_music,1553
engine_idling,1557
dog_bark,1559
street_music,1566
jackhammer,1568
siren,1572
engine_idling,1575
jackhammer,1576
engine_idling,1577
drilling,1580
air_conditioner,1582
jackhammer,1583
engine_idling,1585
street_music,1587
jackhammer,1590
jackhammer,1592
jackhammer,1594
engine_idling,1595
siren,1596
jackhammer,1600
car_horn,1609
jackhammer,1610
siren,1611
dog_bark,1617
street_music,1619
car_horn,1620
street_music,1622
jackhammer,1624
dog_bark,1625
jackhammer,1627
street_music,1631
engine_idling,1637
engine_idling,1638
dog_bark,1641
dog_bark,1642
siren,1643
siren,1644
drilling,1645
siren,1646
jackhammer,1650
engine_idling,1654
dog_bark,1655
dog_bark,1657
children_playing,1658
engine_idling,1659
dog_bark,1662
street_music,1665
engine_idling,1668
air_conditioner,1670
dog_bark,1671
engine_idling,1676
jackhammer,1682
engine_idling,1683
car_horn,1684
engine_idling,1685
jackhammer,1691
drilling,1692
engine_idling,1693
car_horn,1694
dog_bark,1696
dog_bark,1698
dog_bark,1700
air_conditioner,1707
street_music,1710
jackhammer,1712
car_horn,1717
engine_idling,1721
air_conditioner,1723
siren,1726
dog_bark,1732
air_conditioner,1733
drilling,1735
street_music,1740
engine_idling,1742
drilling,1743
siren,1747
drilling,1752
street_music,1753
jackhammer,1756
air_conditioner,1757
drilling,1758
street_music,1759
jackhammer,1762
car_horn,1764
engine_idling,1770
street_music,1772
drilling,1775
drilling,1778
jackhammer,1781
gun_shot,1784
jackhammer,1785
children_playing,1788
engine_idling,1790
drilling,1793
street_music,1797
car_horn,1798
jackhammer,1799
gun_shot,1804
air_conditioner,1810
jackhammer,1811
air_conditioner,1814
engine_idling,1815
car_horn,1821
drilling,1823
air_conditioner,1824
street_music,1833
dog_bark,1835
children_playing,1838
dog_bark,1844
jackhammer,1845
air_conditioner,1846
car_horn,1851
drilling,1852
engine_idling,1855
engine_idling,1857
jackhammer,1859
siren,1860
siren,1861
children_playing,1862
engine_idling,1865
jackhammer,1875
drilling,1878
drilling,1880
air_conditioner,1882
siren,1884
siren,1885
dog_bark,1887
engine_idling,1888
drilling,1900
dog_bark,1902
siren,1903
street_music,1905
street_music,1906
children_playing,1907
street_music,1909
gun_shot,1911
jackhammer,1912
drilling,1915
gun_shot,1920
dog_bark,1926
drilling,1928
drilling,1930
jackhammer,1931
children_playing,1934
jackhammer,1939
engine_idling,1942
drilling,1951
air_conditioner,1953
car_horn,1954
siren,1955
engine_idling,1959
jackhammer,1961
engine_idling,1962
dog_bark,1964
air_conditioner,1965
drilling,1969
dog_bark,1972
street_music,1975
jackhammer,1979
street_music,1981
engine_idling,1983
children_playing,1984
drilling,1985
drilling,1989
drilling,1990
street_music,1993
jackhammer,1995
dog_bark,1998
drilling,2003
siren,2005
engine_idling,2006
children_playing,2007
drilling,2011
drilling,2012
siren,2014
jackhammer,2015
jackhammer,2021
drilling,2024
children_playing,2027
street_music,2030
street_music,2032
jackhammer,2034
drilling,2035
street_music,2039
dog_bark,2041
dog_bark,2044
children_playing,2046
dog_bark,2052
car_horn,2053
siren,2058
jackhammer,2059
drilling,2060
car_horn,2061
gun_shot,2062
drilling,2065
jackhammer,2068
car_horn,2069
car_horn,2071
air_conditioner,2074
engine_idling,2075
engine_idling,2076
jackhammer,2079
jackhammer,2085
air_conditioner,2086
gun_shot,2088
children_playing,2092
dog_bark,2093
siren,2097
drilling,2100
street_music,2109
jackhammer,2110
air_conditioner,2111
siren,2112
jackhammer,2114
engine_idling,2115
jackhammer,2118
siren,2119
engine_idling,2120
jackhammer,2128
children_playing,2131
jackhammer,2136
engine_idling,2137
jackhammer,2143
dog_bark,2146
engine_idling,2147
jackhammer,2151
street_music,2153
drilling,2155
siren,2158
children_playing,2159
engine_idling,2161
dog_bark,2164
children_playing,2165
jackhammer,2166
jackhammer,2167
street_music,2172
siren,2175
dog_bark,2176
jackhammer,2177
air_conditioner,2178
car_horn,2181
dog_bark,2183
jackhammer,2187
air_conditioner,2189
dog_bark,2202
jackhammer,2203
car_horn,2207
drilling,2208
street_music,2211
street_music,2213
jackhammer,2214
air_conditioner,2215
engine_idling,2221
siren,2222
engine_idling,2223
jackhammer,2231
jackhammer,2232
dog_bark,2234
air_conditioner,2239
jackhammer,2242
engine_idling,2243
children_playing,2245
engine_idling,2248
car_horn,2255
street_music,2257
drilling,2261
car_horn,2263
jackhammer,2266
dog_bark,2267
children_playing,2268
street_music,2270
siren,2271
jackhammer,2272
jackhammer,2274
jackhammer,2276
dog_bark,2280
car_horn,2281
siren,2283
air_conditioner,2284
car_horn,2285
siren,2286
jackhammer,2288
dog_bark,2289
street_music,2292
drilling,2294
engine_idling,2296
jackhammer,2298
jackhammer,2305
engine_idling,2311
dog_bark,2315
dog_bark,2316
dog_bark,2317
drilling,2320
engine_idling,2321
dog_bark,2322
dog_bark,2325
street_music,2326
jackhammer,2328
street_music,2331
jackhammer,2334
jackhammer,2336
street_music,2337
car_horn,2341
jackhammer,2342
siren,2346
engine_idling,2348
drilling,2350
street_music,2352
street_music,2355
street_music,2356
street_music,2357
engine_idling,2359
street_music,2361
drilling,2362
siren,2365
jackhammer,2367
car_horn,2370
engine_idling,2374
engine_idling,2375
jackhammer,2376
dog_bark,2377
jackhammer,2381
gun_shot,2383
drilling,2385
engine_idling,2387
dog_bark,2391
siren,2392
air_conditioner,2393
jackhammer,2396
car_horn,2397
air_conditioner,2399
gun_shot,2400
drilling,2406
jackhammer,2407
jackhammer,2409
dog_bark,2417
drilling,2422
car_horn,2423
siren,2426
drilling,2429
jackhammer,2431
car_horn,2434
dog_bark,2435
engine_idling,2436
jackhammer,2437
air_conditioner,2440
engine_idling,2442
street_music,2451
car_horn,2457
car_horn,2459
gun_shot,2467
street_music,2469
jackhammer,2471
dog_bark,2472
car_horn,2475
street_music,2476
car_horn,2481
air_conditioner,2482
car_horn,2483
drilling,2486
children_playing,2490
car_horn,2491
street_music,2492
dog_bark,2495
gun_shot,2496
jackhammer,2500
jackhammer,2502
jackhammer,2504
jackhammer,2508
drilling,2514
engine_idling,2518
jackhammer,2519
jackhammer,2520
jackhammer,2521
gun_shot,2522
jackhammer,2525
drilling,2527
street_music,2528
engine_idling,2530
air_conditioner,2533
jackhammer,2535
jackhammer,2537
drilling,2540
drilling,2546
dog_bark,2551
car_horn,2554
jackhammer,2556
dog_bark,2559
air_conditioner,2561
street_music,2562
engine_idling,2563
car_horn,2565
engine_idling,2566
street_music,2579
dog_bark,2583
siren,2589
siren,2590
air_conditioner,2591
car_horn,2599
jackhammer,2602
jackhammer,2606
gun_shot,2609
drilling,2611
drilling,2615
drilling,2617
jackhammer,2618
jackhammer,2621
car_horn,2622
drilling,2626
air_conditioner,2627
street_music,2628
gun_shot,2629
siren,2630
jackhammer,2631
air_conditioner,2633
street_music,2635
jackhammer,2638
car_horn,2642
jackhammer,2643
air_conditioner,2649
jackhammer,2654
air_conditioner,2655
children_playing,2656
jackhammer,2660
jackhammer,2663
jackhammer,2667
drilling,2670
jackhammer,2672
engine_idling,2673
jackhammer,2675
siren,2681
air_conditioner,2683
jackhammer,2688
air_conditioner,2692
drilling,2693
engine_idling,2694
street_music,2696
drilling,2698
street_music,2701
car_horn,2704
dog_bark,2708
air_conditioner,2712
air_conditioner,2715
jackhammer,2716
engine_idling,2719
dog_bark,2720
dog_bark,2724
drilling,2727
jackhammer,2729
air_conditioner,2731
car_horn,2734
jackhammer,2735
engine_idling,2737
jackhammer,2742
drilling,2743
jackhammer,2745
siren,2748
gun_shot,2749
dog_bark,2753
engine_idling,2755
drilling,2758
drilling,2759
siren,2761
drilling,2762
jackhammer,2767
jackhammer,2768
engine_idling,2772
siren,2777
street_music,2778
dog_bark,2782
engine_idling,2786
air_conditioner,2793
drilling,2796
dog_bark,2798
car_horn,2799
street_music,2803
siren,2804
jackhammer,2806
dog_bark,2809
jackhammer,2810
engine_idling,2812
engine_idling,2814
jackhammer,2816
jackhammer,2817
dog_bark,2818
car_horn,2820
air_conditioner,2822
siren,2823
air_conditioner,2826
street_music,2827
air_conditioner,2833
jackhammer,2834
engine_idling,2838
jackhammer,2839
siren,2841
jackhammer,2843
jackhammer,2844
siren,2845
engine_idling,2847
street_music,2848
jackhammer,2852
dog_bark,2853
jackhammer,2856
drilling,2859
dog_bark,2860
dog_bark,2861
siren,2866
drilling,2867
jackhammer,2868
street_music,2874
street_music,2876
street_music,2877
air_conditioner,2879
street_music,2880
gun_shot,2882
engine_idling,2883
jackhammer,2885
car_horn,2886
engine_idling,2888
engine_idling,2893
children_playing,2894
dog_bark,2895
engine_idling,2897
jackhammer,2904
engine_idling,2905
jackhammer,2906
jackhammer,2908
car_horn,2916
dog_bark,2919
engine_idling,2923
drilling,2937
jackhammer,2938
drilling,2941
street_music,2947
jackhammer,2948
dog_bark,2949
car_horn,2952
drilling,2953
engine_idling,2958
engine_idling,2964
air_conditioner,2965
street_music,2967
jackhammer,2968
air_conditioner,2970
drilling,2973
siren,2975
car_horn,2977
air_conditioner,2978
jackhammer,2979
street_music,2981
street_music,2985
jackhammer,2990
dog_bark,2999
gun_shot,3000
dog_bark,3002
car_horn,3005
engine_idling,3007
jackhammer,3009
dog_bark,3010
street_music,3015
car_horn,3017
car_horn,3019
jackhammer,3022
engine_idling,3023
car_horn,3025
car_horn,3028
siren,3029
jackhammer,3031
jackhammer,3035
car_horn,3039
dog_bark,3040
street_music,3041
street_music,3043
engine_idling,3044
jackhammer,3045
street_music,3047
jackhammer,3048
dog_bark,3049
street_music,3053
dog_bark,3057
dog_bark,3058
dog_bark,3059
street_music,3064
drilling,3065
drilling,3067
jackhammer,3072
drilling,3073
air_conditioner,3076
drilling,3079
car_horn,3080
jackhammer,3083
engine_idling,3084
jackhammer,3086
dog_bark,3088
dog_bark,3090
children_playing,3093
engine_idling,3100
dog_bark,3106
jackhammer,3107
jackhammer,3109
engine_idling,3111
jackhammer,3113
air_conditioner,3114
drilling,3116
jackhammer,3119
dog_bark,3122
jackhammer,3124
engine_idling,3129
drilling,3132
gun_shot,3134
jackhammer,3137
drilling,3139
car_horn,3141
car_horn,3142
drilling,3145
street_music,3149
car_horn,3158
dog_bark,3166
children_playing,3173
children_playing,3174
siren,3175
drilling,3181
jackhammer,3183
street_music,3184
car_horn,3193
siren,3198
car_horn,3201
car_horn,3203
car_horn,3204
gun_shot,3208
car_horn,3210
street_music,3212
engine_idling,3217
drilling,3219
jackhammer,3222
engine_idling,3224
jackhammer,3228
car_horn,3234
jackhammer,3241
jackhammer,3242
car_horn,3243
drilling,3245
engine_idling,3247
dog_bark,3249
jackhammer,3251
jackhammer,3252
street_music,3253
dog_bark,3255
jackhammer,3256
street_music,3260
car_horn,3263
street_music,3265
street_music,3269
car_horn,3274
jackhammer,3280
jackhammer,3282
dog_bark,3284
street_music,3287
engine_idling,3289
jackhammer,3290
siren,3295
gun_shot,3300
street_music,3303
children_playing,3304
drilling,3309
drilling,3311
car_horn,3312
jackhammer,3313
drilling,3314
jackhammer,3315
jackhammer,3326
car_horn,3327
engine_idling,3329
car_horn,3335
car_horn,3339
engine_idling,3340
drilling,3341
dog_bark,3342
engine_idling,3346
drilling,3348
jackhammer,3356
air_conditioner,3359
jackhammer,3361
drilling,3366
drilling,3368
dog_bark,3372
drilling,3374
street_music,3377
jackhammer,3378
car_horn,3380
dog_bark,3382
drilling,3384
jackhammer,3385
dog_bark,3386
engine_idling,3391
drilling,3393
jackhammer,3396
jackhammer,3402
jackhammer,3403
car_horn,3405
air_conditioner,3408
jackhammer,3410
jackhammer,3411
engine_idling,3412
jackhammer,3414
jackhammer,3421
street_music,3424
jackhammer,3426
dog_bark,3427
jackhammer,3428
siren,3430
car_horn,3431
jackhammer,3438
dog_bark,3440
jackhammer,3447
engine_idling,3448
jackhammer,3450
car_horn,3456
jackhammer,3457
gun_shot,3460
siren,3463
street_music,3466
engine_idling,3468
street_music,3472
siren,3476
jackhammer,3479
drilling,3484
jackhammer,3485
street_music,3487
children_playing,3488
engine_idling,3490
engine_idling,3494
street_music,3497
street_music,3498
dog_bark,3500
jackhammer,3502
siren,3505
street_music,3506
air_conditioner,3511
siren,3512
engine_idling,3513
drilling,3521
siren,3524
air_conditioner,3527
engine_idling,3530
drilling,3532
siren,3535
jackhammer,3541
street_music,3544
engine_idling,3552
engine_idling,3553
children_playing,3557
jackhammer,3558
air_conditioner,3559
drilling,3562
engine_idling,3563
street_music,3564
air_conditioner,3565
gun_shot,3570
air_conditioner,3571
siren,3572
jackhammer,3573
jackhammer,3575
jackhammer,3576
dog_bark,3578
dog_bark,3581
jackhammer,3586
children_playing,3589
air_conditioner,3592
air_conditioner,3593
street_music,3594
dog_bark,3600
siren,3601
children_playing,3602
drilling,3605
drilling,3612
engine_idling,3615
jackhammer,3616
car_horn,3617
air_conditioner,3618
drilling,3620
drilling,3623
dog_bark,3625
engine_idling,3631
street_music,3633
children_playing,3635
jackhammer,3636
car_horn,3638
street_music,3641
street_music,3643
jackhammer,3650
siren,3651
engine_idling,3655
street_music,3665
car_horn,3667
street_music,3673
air_conditioner,3677
dog_bark,3684
dog_bark,3690
air_conditioner,3692
children_playing,3693
children_playing,3694
dog_bark,3699
engine_idling,3701
air_conditioner,3704
drilling,3705
jackhammer,3707
street_music,3710
jackhammer,3712
street_music,3713
children_playing,3715
street_music,3716
drilling,3720
jackhammer,3722
air_conditioner,3723
children_playing,3727
dog_bark,3730
jackhammer,3733
air_conditioner,3736
car_horn,3737
siren,3740
jackhammer,3743
siren,3744
engine_idling,3746
car_horn,3748
jackhammer,3755
children_playing,3757
dog_bark,3761
dog_bark,3767
street_music,3768
engine_idling,3769
street_music,3773
dog_bark,3774
jackhammer,3775
jackhammer,3777
car_horn,3779
siren,3780
dog_bark,3786
siren,3789
street_music,3793
jackhammer,3794
car_horn,3795
drilling,3796
air_conditioner,3797
drilling,3801
gun_shot,3802
car_horn,3804
air_conditioner,3807
drilling,3809
engine_idling,3810
street_music,3812
siren,3814
engine_idling,3815
children_playing,3817
street_music,3818
jackhammer,3824
jackhammer,3825
children_playing,3826
air_conditioner,3829
drilling,3831
jackhammer,3832
dog_bark,3835
jackhammer,3837
siren,3841
drilling,3845
jackhammer,3849
jackhammer,3852
engine_idling,3856
children_playing,3857
engine_idling,3858
drilling,3862
jackhammer,3865
street_music,3867
dog_bark,3872
jackhammer,3873
street_music,3874
dog_bark,3875
jackhammer,3876
engine_idling,3892
jackhammer,3897
street_music,3899
engine_idling,3901
jackhammer,3904
siren,3907
car_horn,3908
drilling,3912
car_horn,3913
siren,3917
air_conditioner,3922
drilling,3923
children_playing,3926
jackhammer,3928
jackhammer,3931
jackhammer,3935
jackhammer,3937
street_music,3942
dog_bark,3946
children_playing,3949
drilling,3950
engine_idling,3952
engine_idling,3953
engine_idling,3954
air_conditioner,3957
engine_idling,3958
children_playing,3961
street_music,3963
jackhammer,3964
jackhammer,3971
street_music,3974
jackhammer,3976
street_music,3977
drilling,3979
car_horn,3980
siren,3989
jackhammer,3990
engine_idling,3991
gun_shot,3995
jackhammer,3996
engine_idling,4005
jackhammer,4007
children_playing,4008
drilling,4013
street_music,4016
street_music,4019
engine_idling,4020
car_horn,4023
street_music,4025
air_conditioner,4026
jackhammer,4031
drilling,4033
jackhammer,4034
air_conditioner,4035
car_horn,4036
dog_bark,4037
dog_bark,4040
drilling,4042
engine_idling,4043
engine_idling,4047
jackhammer,4048
car_horn,4051
car_horn,4052
siren,4053
siren,4059
street_music,4060
car_horn,4061
siren,4063
engine_idling,4065
street_music,4071
engine_idling,4072
engine_idling,4074
engine_idling,4079
children_playing,4082
air_conditioner,4088
engine_idling,4090
air_conditioner,4092
air_conditioner,4098
dog_bark,4099
siren,4105
jackhammer,4107
children_playing,4108
street_music,4109
air_conditioner,4112
dog_bark,4113
dog_bark,4114
drilling,4115
street_music,4116
engine_idling,4120
jackhammer,4124
dog_bark,4127
dog_bark,4132
jackhammer,4133
air_conditioner,4136
engine_idling,4141
street_music,4144
engine_idling,4145
street_music,4147
jackhammer,4148
air_conditioner,4149
dog_bark,4150
jackhammer,4151
jackhammer,4152
street_music,4153
siren,4154
car_horn,4156
dog_bark,4157
car_horn,4165
car_horn,4167
engine_idling,4173
gun_shot,4176
street_music,4177
engine_idling,4185
car_horn,4186
street_music,4187
drilling,4188
siren,4192
dog_bark,4194
air_conditioner,4195
engine_idling,4196
dog_bark,4202
dog_bark,4208
car_horn,4209
air_conditioner,4211
air_conditioner,4212
engine_idling,4213
dog_bark,4214
engine_idling,4215
children_playing,4219
engine_idling,4221
street_music,4223
dog_bark,4225
jackhammer,4229
air_conditioner,4230
jackhammer,4233
car_horn,4237
dog_bark,4238
children_playing,4240
drilling,4243
car_horn,4245
drilling,4250
drilling,4251
engine_idling,4258
dog_bark,4259
children_playing,4261
siren,4264
gun_shot,4266
gun_shot,4268
car_horn,4269
air_conditioner,4270
dog_bark,4271
air_conditioner,4275
jackhammer,4276
children_playing,4280
engine_idling,4282
jackhammer,4283
gun_shot,4284
engine_idling,4292
drilling,4294
engine_idling,4295
engine_idling,4296
siren,4298
drilling,4300
jackhammer,4302
street_music,4304
jackhammer,4305
car_horn,4306
siren,4308
dog_bark,4309
engine_idling,4310
dog_bark,4312
street_music,4315
jackhammer,4318
air_conditioner,4321
children_playing,4322
engine_idling,4325
engine_idling,4329
jackhammer,4330
dog_bark,4332
dog_bark,4334
gun_shot,4336
drilling,4339
engine_idling,4340
street_music,4342
jackhammer,4343
jackhammer,4344
jackhammer,4345
jackhammer,4347
jackhammer,4348
air_conditioner,4354
siren,4355
dog_bark,4357
siren,4360
gun_shot,4368
jackhammer,4370
drilling,4373
drilling,4376
dog_bark,4377
gun_shot,4380
street_music,4383
engine_idling,4385
dog_bark,4387
engine_idling,4388
jackhammer,4391
car_horn,4395
dog_bark,4398
street_music,4399
siren,4402
car_horn,4403
jackhammer,4404
air_conditioner,4405
jackhammer,4407
engine_idling,4409
engine_idling,4410
street_music,4414
air_conditioner,4419
drilling,4421
engine_idling,4423
dog_bark,4434
jackhammer,4435
jackhammer,4441
children_playing,4445
engine_idling,4447
engine_idling,4448
jackhammer,4452
siren,4455
children_playing,4457
drilling,4460
jackhammer,4465
air_conditioner,4466
dog_bark,4468
car_horn,4469
drilling,4470
children_playing,4471
drilling,4477
air_conditioner,4478
air_conditioner,4479
street_music,4484
car_horn,4488
jackhammer,4489
jackhammer,4494
drilling,4495
engine_idling,4496
air_conditioner,4497
car_horn,4501
jackhammer,4505
jackhammer,4507
car_horn,4508
engine_idling,4512
jackhammer,4516
dog_bark,4517
jackhammer,4518
car_horn,4519
street_music,4520
siren,4524
siren,4533
jackhammer,4537
jackhammer,4538
dog_bark,4543
drilling,4544
jackhammer,4546
jackhammer,4548
car_horn,4550
engine_idling,4551
jackhammer,4552
jackhammer,4553
jackhammer,4555
jackhammer,4558
jackhammer,4560
drilling,4564
dog_bark,4565
engine_idling,4567
siren,4576
street_music,4577
car_horn,4579
street_music,4580
car_horn,4582
drilling,4586
jackhammer,4587
street_music,4588
car_horn,4590
street_music,4591
car_horn,4593
children_playing,4594
dog_bark,4596
air_conditioner,4597
engine_idling,4600
engine_idling,4603
jackhammer,4605
car_horn,4606
jackhammer,4608
car_horn,4615
street_music,4620
siren,4621
air_conditioner,4624
dog_bark,4626
drilling,4627
drilling,4631
car_horn,4638
car_horn,4639
siren,4642
car_horn,4644
jackhammer,4649
street_music,4654
engine_idling,4656
dog_bark,4660
engine_idling,4664
jackhammer,4670
dog_bark,4671
car_horn,4673
drilling,4675
drilling,4678
street_music,4681
drilling,4687
drilling,4689
dog_bark,4691
air_conditioner,4694
street_music,4696
dog_bark,4699
jackhammer,4700
jackhammer,4701
children_playing,4706
siren,4709
air_conditioner,4710
dog_bark,4711
engine_idling,4712
car_horn,4713
street_music,4717
drilling,4719
engine_idling,4720
children_playing,4727
air_conditioner,4731
car_horn,4734
jackhammer,4738
siren,4744
jackhammer,4751
dog_bark,4757
children_playing,4760
siren,4761
drilling,4765
engine_idling,4768
street_music,4771
engine_idling,4772
street_music,4773
air_conditioner,4774
jackhammer,4777
car_horn,4779
car_horn,4780
siren,4782
air_conditioner,4797
street_music,4798
street_music,4802
siren,4808
engine_idling,4809
children_playing,4811
children_playing,4812
engine_idling,4813
dog_bark,4814
dog_bark,4815
street_music,4816
jackhammer,4817
jackhammer,4818
engine_idling,4819
drilling,4825
jackhammer,4831
car_horn,4838
siren,4841
air_conditioner,4845
engine_idling,4848
jackhammer,4849
engine_idling,4850
siren,4855
jackhammer,4856
siren,4859
drilling,4862
dog_bark,4865
air_conditioner,4868
dog_bark,4869
engine_idling,4871
gun_shot,4872
drilling,4874
air_conditioner,4875
street_music,4876
gun_shot,4878
gun_shot,4882
jackhammer,4885
dog_bark,4891
jackhammer,4892
jackhammer,4893
engine_idling,4897
drilling,4898
dog_bark,4901
jackhammer,4908
car_horn,4910
drilling,4915
jackhammer,4922
children_playing,4929
street_music,4930
dog_bark,4932
jackhammer,4933
jackhammer,4935
jackhammer,4936
children_playing,4939
jackhammer,4941
street_music,4944
air_conditioner,4946
engine_idling,4949
car_horn,4951
dog_bark,4954
jackhammer,4955
jackhammer,4957
dog_bark,4958
engine_idling,4967
engine_idling,4969
engine_idling,4971
jackhammer,4975
drilling,4977
jackhammer,4978
street_music,4979
jackhammer,4980
engine_idling,4981
dog_bark,4982
drilling,4983
engine_idling,4987
jackhammer,4995
air_conditioner,4998
street_music,4999
drilling,5000
dog_bark,5006
siren,5007
siren,5008
air_conditioner,5009
siren,5012
engine_idling,5014
air_conditioner,5015
street_music,5016
jackhammer,5018
jackhammer,5020
air_conditioner,5024
air_conditioner,5026
street_music,5027
engine_idling,5030
drilling,5036
air_conditioner,5039
dog_bark,5041
drilling,5047
air_conditioner,5048
air_conditioner,5050
dog_bark,5053
car_horn,5054
street_music,5056
engine_idling,5061
jackhammer,5062
siren,5066
dog_bark,5070
engine_idling,5078
air_conditioner,5079
street_music,5080
engine_idling,5083
jackhammer,5086
air_conditioner,5087
car_horn,5090
siren,5091
drilling,5093
siren,5097
engine_idling,5098
engine_idling,5101
engine_idling,5102
air_conditioner,5104
engine_idling,5105
air_conditioner,5108
street_music,5111
engine_idling,5113
car_horn,5115
street_music,5116
dog_bark,5120
jackhammer,5123
drilling,5124
air_conditioner,5126
gun_shot,5131
gun_shot,5136
jackhammer,5137
engine_idling,5139
street_music,5143
engine_idling,5144
street_music,5145
air_conditioner,5150
car_horn,5152
drilling,5153
dog_bark,5155
engine_idling,5156
air_conditioner,5160
engine_idling,5161
engine_idling,5162
dog_bark,5163
jackhammer,5164
dog_bark,5166
drilling,5167
air_conditioner,5168
street_music,5170
drilling,5179
car_horn,5182
siren,5184
jackhammer,5185
dog_bark,5187
drilling,5192
dog_bark,5193
air_conditioner,5194
drilling,5197
jackhammer,5203
jackhammer,5204
siren,5207
jackhammer,5208
children_playing,5212
jackhammer,5213
air_conditioner,5215
jackhammer,5220
gun_shot,5222
siren,5224
street_music,5229
siren,5230
car_horn,5231
air_conditioner,5232
dog_bark,5235
drilling,5238
air_conditioner,5240
drilling,5242
drilling,5245
jackhammer,5249
car_horn,5250
dog_bark,5252
jackhammer,5254
drilling,5256
dog_bark,5258
jackhammer,5260
jackhammer,5261
siren,5267
jackhammer,5269
jackhammer,5273
car_horn,5274
street_music,5275
dog_bark,5276
street_music,5280
children_playing,5282
engine_idling,5285
jackhammer,5286
dog_bark,5287
car_horn,5288
gun_shot,5293
jackhammer,5295
dog_bark,5296
street_music,5298
drilling,5300
dog_bark,5301
engine_idling,5303
engine_idling,5305
engine_idling,5306
jackhammer,5311
car_horn,5317
jackhammer,5318
jackhammer,5325
jackhammer,5327
street_music,5330
air_conditioner,5332
drilling,5334
jackhammer,5335
gun_shot,5337
drilling,5339
siren,5341
street_music,5342
dog_bark,5346
air_conditioner,5349
jackhammer,5354
drilling,5355
dog_bark,5358
siren,5362
dog_bark,5363
car_horn,5365
dog_bark,5366
engine_idling,5367
car_horn,5368
siren,5372
street_music,5375
street_music,5377
engine_idling,5379
drilling,5381
street_music,5383
car_horn,5386
drilling,5387
street_music,5388
dog_bark,5392
car_horn,5393
jackhammer,5396
jackhammer,5399
siren,5401
street_music,5402
car_horn,5404
jackhammer,5408
siren,5410
engine_idling,5413
air_conditioner,5419
air_conditioner,5420
street_music,5421
street_music,5422
street_music,5424
jackhammer,5425
jackhammer,5428
siren,5430
car_horn,5431
engine_idling,5434
air_conditioner,5439
engine_idling,5440
street_music,5442
engine_idling,5443
street_music,5446
jackhammer,5449
jackhammer,5450
jackhammer,5451
air_conditioner,5453
jackhammer,5454
car_horn,5455
street_music,5457
dog_bark,5458
dog_bark,5462
car_horn,5463
car_horn,5464
jackhammer,5467
dog_bark,5468
engine_idling,5469
jackhammer,5470
street_music,5471
car_horn,5474
street_music,5475
dog_bark,5478
siren,5479
children_playing,5482
jackhammer,5484
street_music,5485
air_conditioner,5490
dog_bark,5491
children_playing,5496
drilling,5500
engine_idling,5501
jackhammer,5502
siren,5506
air_conditioner,5510
engine_idling,5516
car_horn,5517
engine_idling,5520
drilling,5525
dog_bark,5527
jackhammer,5529
drilling,5531
car_horn,5532
engine_idling,5536
street_music,5538
dog_bark,5539
car_horn,5541
street_music,5549
jackhammer,5550
drilling,5551
jackhammer,5552
air_conditioner,5555
street_music,5563
street_music,5567
street_music,5568
engine_idling,5569
jackhammer,5573
jackhammer,5575
drilling,5576
gun_shot,5578
car_horn,5579
jackhammer,5580
car_horn,5581
drilling,5584
dog_bark,5590
street_music,5591
street_music,5593
children_playing,5595
dog_bark,5596
jackhammer,5602
dog_bark,5603
gun_shot,5604
jackhammer,5606
street_music,5608
gun_shot,5617
street_music,5618
car_horn,5620
jackhammer,5621
engine_idling,5622
children_playing,5629
siren,5630
jackhammer,5632
air_conditioner,5633
jackhammer,5636
street_music,5643
street_music,5646
car_horn,5647
siren,5648
jackhammer,5651
street_music,5656
drilling,5657
dog_bark,5665
engine_idling,5666
siren,5667
jackhammer,5674
jackhammer,5675
drilling,5677
siren,5679
jackhammer,5685
car_horn,5686
drilling,5688
jackhammer,5693
dog_bark,5694
gun_shot,5696
siren,5700
car_horn,5703
dog_bark,5708
children_playing,5717
jackhammer,5718
gun_shot,5720
street_music,5727
siren,5728
dog_bark,5729
jackhammer,5737
siren,5738
street_music,5743
engine_idling,5747
children_playing,5748
dog_bark,5749
jackhammer,5752
jackhammer,5753
jackhammer,5754
dog_bark,5756
street_music,5759
dog_bark,5766
dog_bark,5775
car_horn,5776
dog_bark,5777
siren,5779
siren,5781
street_music,5782
engine_idling,5785
engine_idling,5787
air_conditioner,5789
engine_idling,5792
jackhammer,5793
air_conditioner,5794
street_music,5795
engine_idling,5797
car_horn,5798
dog_bark,5801
street_music,5803
engine_idling,5804
engine_idling,5805
siren,5807
car_horn,5809
siren,5810
street_music,5811
dog_bark,5812
jackhammer,5814
siren,5819
children_playing,5821
street_music,5823
dog_bark,5828
engine_idling,5830
siren,5831
siren,5834
car_horn,5836
engine_idling,5838
drilling,5839
siren,5843
car_horn,5845
jackhammer,5846
children_playing,5849
engine_idling,5853
jackhammer,5855
siren,5860
dog_bark,5861
air_conditioner,5866
street_music,5868
gun_shot,5872
street_music,5873
air_conditioner,5875
jackhammer,5878
gun_shot,5880
car_horn,5883
drilling,5884
children_playing,5885
drilling,5894
dog_bark,5895
car_horn,5896
dog_bark,5898
siren,5899
street_music,5905
siren,5910
street_music,5911
jackhammer,5913
jackhammer,5916
drilling,5919
jackhammer,5920
car_horn,5923
gun_shot,5924
air_conditioner,5929
air_conditioner,5930
engine_idling,5931
air_conditioner,5935
car_horn,5938
siren,5939
jackhammer,5945
drilling,5946
engine_idling,5955
street_music,5956
jackhammer,5958
jackhammer,5959
street_music,5961
street_music,5965
drilling,5967
siren,5969
jackhammer,5970
engine_idling,5971
jackhammer,5972
jackhammer,5973
street_music,5974
drilling,5975
street_music,5978
street_music,5979
air_conditioner,5981
siren,5986
jackhammer,5987
siren,5991
siren,5993
siren,5998
engine_idling,6000
car_horn,6006
street_music,6008
dog_bark,6011
street_music,6018
car_horn,6024
car_horn,6028
engine_idling,6032
drilling,6036
jackhammer,6037
dog_bark,6038
street_music,6039
air_conditioner,6042
drilling,6043
car_horn,6044
car_horn,6045
drilling,6048
street_music,6052
jackhammer,6057
drilling,6058
car_horn,6060
children_playing,6062
engine_idling,6064
drilling,6065
dog_bark,6067
drilling,6069
jackhammer,6071
engine_idling,6073
car_horn,6075
engine_idling,6076
siren,6078
children_playing,6084
children_playing,6090
dog_bark,6093
dog_bark,6097
siren,6102
air_conditioner,6105
engine_idling,6106
jackhammer,6110
jackhammer,6111
air_conditioner,6112
jackhammer,6113
drilling,6114
dog_bark,6122
car_horn,6124
street_music,6125
drilling,6126
jackhammer,6127
jackhammer,6128
engine_idling,6135
jackhammer,6143
jackhammer,6146
car_horn,6147
engine_idling,6148
dog_bark,6150
air_conditioner,6155
street_music,6157
dog_bark,6164
siren,6166
gun_shot,6167
siren,6168
car_horn,6176
jackhammer,6178
children_playing,6182
air_conditioner,6184
car_horn,6185
engine_idling,6186
siren,6190
engine_idling,6192
jackhammer,6195
siren,6199
street_music,6200
children_playing,6201
jackhammer,6202
street_music,6203
car_horn,6207
jackhammer,6208
siren,6209
drilling,6216
dog_bark,6218
jackhammer,6221
car_horn,6223
jackhammer,6225
children_playing,6226
drilling,6228
siren,6231
drilling,6233
engine_idling,6236
car_horn,6237
jackhammer,6238
street_music,6240
engine_idling,6242
dog_bark,6246
gun_shot,6250
jackhammer,6251
dog_bark,6252
car_horn,6253
siren,6254
siren,6257
air_conditioner,6261
drilling,6264
car_horn,6267
jackhammer,6269
children_playing,6273
street_music,6275
drilling,6276
street_music,6277
air_conditioner,6280
engine_idling,6281
drilling,6285
children_playing,6289
engine_idling,6299
air_conditioner,6301
siren,6302
dog_bark,6303
gun_shot,6306
children_playing,6307
street_music,6312
jackhammer,6313
jackhammer,6315
drilling,6316
street_music,6320
drilling,6325
street_music,6330
engine_idling,6334
siren,6342
car_horn,6344
jackhammer,6349
car_horn,6350
jackhammer,6352
drilling,6353
engine_idling,6356
dog_bark,6360
engine_idling,6361
jackhammer,6362
air_conditioner,6363
jackhammer,6365
jackhammer,6368
drilling,6369
engine_idling,6373
street_music,6383
air_conditioner,6384
jackhammer,6385
air_conditioner,6386
drilling,6388
drilling,6390
drilling,6391
gun_shot,6396
car_horn,6397
jackhammer,6398
car_horn,6399
car_horn,6400
jackhammer,6401
air_conditioner,6405
street_music,6406
dog_bark,6407
dog_bark,6410
jackhammer,6415
street_music,6419
siren,6421
siren,6425
jackhammer,6428
car_horn,6429
air_conditioner,6430
drilling,6433
engine_idling,6438
air_conditioner,6439
engine_idling,6444
drilling,6447
engine_idling,6458
air_conditioner,6465
siren,6470
street_music,6471
dog_bark,6472
car_horn,6476
street_music,6479
engine_idling,6481
children_playing,6482
jackhammer,6485
jackhammer,6488
street_music,6489
car_horn,6491
jackhammer,6492
drilling,6494
street_music,6495
jackhammer,6499
jackhammer,6501
dog_bark,6503
car_horn,6504
jackhammer,6513
engine_idling,6514
jackhammer,6519
engine_idling,6525
jackhammer,6526
children_playing,6532
street_music,6533
car_horn,6538
drilling,6539
children_playing,6540
dog_bark,6541
car_horn,6545
air_conditioner,6554
air_conditioner,6561
drilling,6564
jackhammer,6567
car_horn,6569
street_music,6571
siren,6576
drilling,6577
jackhammer,6578
air_conditioner,6581
engine_idling,6582
street_music,6584
street_music,6585
jackhammer,6586
jackhammer,6587
drilling,6588
children_playing,6590
jackhammer,6591
air_conditioner,6593
air_conditioner,6594
jackhammer,6597
drilling,6598
engine_idling,6601
dog_bark,6605
jackhammer,6611
siren,6612
car_horn,6613
jackhammer,6615
jackhammer,6617
siren,6622
dog_bark,6624
street_music,6625
jackhammer,6627
dog_bark,6632
engine_idling,6636
jackhammer,6639
air_conditioner,6645
children_playing,6646
dog_bark,6650
engine_idling,6657
jackhammer,6658
car_horn,6663
engine_idling,6666
air_conditioner,6669
engine_idling,6670
dog_bark,6672
jackhammer,6673
engine_idling,6675
drilling,6678
dog_bark,6680
dog_bark,6682
jackhammer,6684
drilling,6685
car_horn,6686
drilling,6687
jackhammer,6688
jackhammer,6690
jackhammer,6695
dog_bark,6697
jackhammer,6699
car_horn,6700
street_music,6701
dog_bark,6702
dog_bark,6704
air_conditioner,6705
air_conditioner,6706
engine_idling,6707
gun_shot,6709
car_horn,6711
engine_idling,6713
siren,6718
siren,6720
engine_idling,6727
jackhammer,6733
jackhammer,6743
siren,6744
drilling,6745
jackhammer,6751
jackhammer,6756
car_horn,6758
jackhammer,6761
car_horn,6762
engine_idling,6766
engine_idling,6776
jackhammer,6780
engine_idling,6784
engine_idling,6785
dog_bark,6787
drilling,6788
dog_bark,6789
jackhammer,6794
dog_bark,6795
car_horn,6796
engine_idling,6798
jackhammer,6799
air_conditioner,6801
engine_idling,6803
jackhammer,6805
air_conditioner,6806
drilling,6807
street_music,6808
car_horn,6809
street_music,6814
jackhammer,6825
street_music,6827
street_music,6828
dog_bark,6833
dog_bark,6834
siren,6838
jackhammer,6842
car_horn,6843
jackhammer,6845
dog_bark,6848
jackhammer,6849
jackhammer,6854
dog_bark,6858
jackhammer,6859
drilling,6861
siren,6862
jackhammer,6863
drilling,6867
drilling,6868
gun_shot,6870
dog_bark,6873
jackhammer,6874
gun_shot,6876
gun_shot,6884
gun_shot,6885
dog_bark,6887
jackhammer,6890
car_horn,6894
children_playing,6897
siren,6899
drilling,6904
jackhammer,6905
drilling,6913
dog_bark,6916
air_conditioner,6917
jackhammer,6919
jackhammer,6921
engine_idling,6924
air_conditioner,6927
air_conditioner,6930
car_horn,6936
jackhammer,6940
children_playing,6941
car_horn,6944
dog_bark,6950
drilling,6951
siren,6952
street_music,6953
car_horn,6957
dog_bark,6959
street_music,6960
siren,6962
street_music,6964
car_horn,6968
street_music,6972
jackhammer,6978
drilling,6980
air_conditioner,6983
drilling,6987
children_playing,6988
drilling,6989
car_horn,6994
siren,6995
engine_idling,6996
car_horn,6997
car_horn,7011
street_music,7021
street_music,7023
dog_bark,7024
engine_idling,7033
jackhammer,7034
siren,7037
siren,7038
jackhammer,7043
street_music,7044
siren,7045
siren,7047
jackhammer,7050
engine_idling,7056
street_music,7058
siren,7071
engine_idling,7080
air_conditioner,7089
engine_idling,7090
car_horn,7092
dog_bark,7093
car_horn,7097
engine_idling,7098
jackhammer,7099
dog_bark,7101
engine_idling,7102
siren,7103
jackhammer,7104
jackhammer,7106
children_playing,7117
street_music,7119
street_music,7120
air_conditioner,7122
siren,7123
street_music,7125
jackhammer,7127
dog_bark,7128
air_conditioner,7130
jackhammer,7132
street_music,7134
engine_idling,7135
siren,7139
jackhammer,7146
engine_idling,7147
dog_bark,7152
drilling,7158
street_music,7160
engine_idling,7164
engine_idling,7165
engine_idling,7166
jackhammer,7167
siren,7168
engine_idling,7173
children_playing,7181
air_conditioner,7182
jackhammer,7183
siren,7184
jackhammer,7186
jackhammer,7188
car_horn,7189
engine_idling,7192
jackhammer,7193
drilling,7199
car_horn,7208
dog_bark,7209
air_conditioner,7210
engine_idling,7214
children_playing,7219
dog_bark,7220
dog_bark,7225
air_conditioner,7229
street_music,7230
siren,7234
siren,7236
car_horn,7237
car_horn,7238
car_horn,7239
dog_bark,7243
jackhammer,7246
jackhammer,7248
jackhammer,7254
dog_bark,7255
street_music,7261
drilling,7266
dog_bark,7267
jackhammer,7268
engine_idling,7270
street_music,7271
jackhammer,7273
siren,7276
engine_idling,7281
siren,7282
drilling,7283
jackhammer,7286
street_music,7288
children_playing,7289
engine_idling,7290
street_music,7291
dog_bark,7293
jackhammer,7295
drilling,7296
street_music,7299
jackhammer,7300
air_conditioner,7301
dog_bark,7303
air_conditioner,7304
dog_bark,7306
street_music,7308
jackhammer,7310
jackhammer,7312
car_horn,7314
car_horn,7317
street_music,7318
jackhammer,7324
drilling,7325
jackhammer,7327
street_music,7334
engine_idling,7335
engine_idling,7339
air_conditioner,7341
siren,7342
car_horn,7348
dog_bark,7350
car_horn,7351
engine_idling,7353
gun_shot,7355
street_music,7356
air_conditioner,7357
air_conditioner,7363
car_horn,7365
jackhammer,7368
jackhammer,7371
engine_idling,7373
dog_bark,7390
siren,7391
engine_idling,7393
street_music,7394
engine_idling,7395
dog_bark,7396
engine_idling,7397
street_music,7402
street_music,7406
car_horn,7407
children_playing,7411
dog_bark,7413
street_music,7415
jackhammer,7416
siren,7420
jackhammer,7421
jackhammer,7422
dog_bark,7427
dog_bark,7428
car_horn,7433
car_horn,7434
dog_bark,7435
dog_bark,7438
drilling,7440
street_music,7441
engine_idling,7442
children_playing,7444
siren,7445
street_music,7453
dog_bark,7454
engine_idling,7461
engine_idling,7464
drilling,7466
children_playing,7470
drilling,7473
drilling,7474
car_horn,7477
street_music,7480
jackhammer,7481
dog_bark,7484
car_horn,7485
siren,7486
street_music,7487
engine_idling,7489
street_music,7491
street_music,7492
children_playing,7496
dog_bark,7498
street_music,7502
jackhammer,7511
street_music,7512
siren,7514
air_conditioner,7515
car_horn,7517
jackhammer,7526
air_conditioner,7527
dog_bark,7533
car_horn,7534
dog_bark,7535
jackhammer,7536
siren,7537
engine_idling,7540
street_music,7544
dog_bark,7545
drilling,7546
car_horn,7549
jackhammer,7551
street_music,7554
siren,7555
dog_bark,7557
jackhammer,7559
street_music,7562
children_playing,7564
jackhammer,7571
car_horn,7572
air_conditioner,7575
street_music,7583
engine_idling,7587
car_horn,7588
jackhammer,7590
dog_bark,7591
dog_bark,7594
street_music,7603
street_music,7605
car_horn,7606
car_horn,7608
jackhammer,7615
car_horn,7616
siren,7621
drilling,7624
engine_idling,7627
street_music,7628
jackhammer,7630
jackhammer,7632
air_conditioner,7635
engine_idling,7637
car_horn,7640
air_conditioner,7643
drilling,7647
jackhammer,7649
jackhammer,7652
siren,7654
engine_idling,7658
dog_bark,7659
street_music,7660
engine_idling,7661
jackhammer,7662
car_horn,7663
dog_bark,7666
jackhammer,7667
car_horn,7668
drilling,7670
car_horn,7676
dog_bark,7678
siren,7684
jackhammer,7691
air_conditioner,7692
jackhammer,7693
gun_shot,7695
jackhammer,7698
gun_shot,7701
street_music,7703
dog_bark,7704
siren,7708
street_music,7709
engine_idling,7714
dog_bark,7716
engine_idling,7717
jackhammer,7719
drilling,7722
street_music,7728
engine_idling,7731
children_playing,7732
engine_idling,7737
jackhammer,7741
jackhammer,7746
jackhammer,7749
siren,7752
children_playing,7753
jackhammer,7755
drilling,7757
car_horn,7758
siren,7760
engine_idling,7763
air_conditioner,7764
drilling,7767
car_horn,7771
jackhammer,7772
siren,7773
air_conditioner,7774
siren,7778
car_horn,7781
engine_idling,7782
air_conditioner,7786
air_conditioner,7789
air_conditioner,7790
engine_idling,7793
engine_idling,7794
street_music,7797
jackhammer,7798
dog_bark,7799
drilling,7801
jackhammer,7803
drilling,7805
street_music,7808
jackhammer,7809
street_music,7811
dog_bark,7812
jackhammer,7815
siren,7816
air_conditioner,7820
children_playing,7823
street_music,7832
jackhammer,7834
gun_shot,7840
street_music,7841
car_horn,7847
siren,7848
street_music,7849
street_music,7851
air_conditioner,7852
street_music,7857
dog_bark,7859
street_music,7863
siren,7864
air_conditioner,7866
street_music,7877
engine_idling,7878
dog_bark,7884
car_horn,7885
siren,7886
street_music,7887
engine_idling,7888
air_conditioner,7889
street_music,7894
engine_idling,7895
dog_bark,7902
street_music,7903
street_music,7905
street_music,7906
street_music,7907
jackhammer,7912
engine_idling,7913
dog_bark,7915
children_playing,7921
street_music,7923
engine_idling,7924
siren,7925
drilling,7926
car_horn,7934
street_music,7937
children_playing,7940
dog_bark,7945
street_music,7947
street_music,7948
jackhammer,7950
dog_bark,7953
car_horn,7957
street_music,7958
dog_bark,7960
jackhammer,7962
air_conditioner,7967
dog_bark,7968
drilling,7971
street_music,7972
children_playing,7973
air_conditioner,7974
jackhammer,7983
jackhammer,7984
jackhammer,7986
drilling,7987
street_music,7991
air_conditioner,8001
air_conditioner,8003
jackhammer,8005
street_music,8006
jackhammer,8007
air_conditioner,8010
jackhammer,8011
children_playing,8015
car_horn,8017
engine_idling,8018
street_music,8019
children_playing,8023
dog_bark,8026
engine_idling,8030
children_playing,8031
siren,8038
jackhammer,8039
drilling,8040
street_music,8041
siren,8044
jackhammer,8045
jackhammer,8051
car_horn,8054
dog_bark,8056
car_horn,8059
drilling,8063
jackhammer,8065
engine_idling,8066
dog_bark,8070
car_horn,8082
dog_bark,8083
car_horn,8087
engine_idling,8089
dog_bark,8091
children_playing,8094
street_music,8096
drilling,8098
drilling,8102
air_conditioner,8107
street_music,8109
engine_idling,8112
street_music,8113
jackhammer,8115
jackhammer,8116
dog_bark,8117
dog_bark,8120
car_horn,8121
air_conditioner,8123
engine_idling,8124
air_conditioner,8126
engine_idling,8129
gun_shot,8132
engine_idling,8134
jackhammer,8136
dog_bark,8138
siren,8139
jackhammer,8141
engine_idling,8147
engine_idling,8149
car_horn,8153
children_playing,8157
street_music,8158
jackhammer,8159
jackhammer,8160
car_horn,8162
engine_idling,8163
jackhammer,8164
engine_idling,8165
engine_idling,8169
car_horn,8170
jackhammer,8175
jackhammer,8178
car_horn,8179
drilling,8186
dog_bark,8196
drilling,8197
jackhammer,8198
jackhammer,8203
car_horn,8204
jackhammer,8206
jackhammer,8207
dog_bark,8209
engine_idling,8212
car_horn,8214
dog_bark,8218
jackhammer,8222
street_music,8223
children_playing,8224
air_conditioner,8225
drilling,8226
jackhammer,8230
jackhammer,8235
jackhammer,8237
car_horn,8240
drilling,8242
car_horn,8245
drilling,8248
car_horn,8250
drilling,8254
dog_bark,8255
car_horn,8256
drilling,8267
air_conditioner,8269
jackhammer,8273
car_horn,8275
children_playing,8276
engine_idling,8278
jackhammer,8281
jackhammer,8284
car_horn,8286
children_playing,8288
drilling,8290
car_horn,8291
jackhammer,8292
dog_bark,8295
engine_idling,8298
jackhammer,8301
jackhammer,8303
drilling,8304
jackhammer,8309
jackhammer,8312
jackhammer,8316
dog_bark,8319
car_horn,8320
jackhammer,8321
children_playing,8326
air_conditioner,8328
car_horn,8329
dog_bark,8331
gun_shot,8336
children_playing,8339
gun_shot,8340
dog_bark,8341
jackhammer,8342
jackhammer,8343
dog_bark,8348
gun_shot,8349
dog_bark,8350
air_conditioner,8355
street_music,8358
street_music,8359
engine_idling,8362
dog_bark,8363
jackhammer,8367
street_music,8371
air_conditioner,8372
dog_bark,8373
engine_idling,8374
street_music,8375
engine_idling,8376
engine_idling,8379
jackhammer,8383
air_conditioner,8385
dog_bark,8388
dog_bark,8389
dog_bark,8390
car_horn,8394
engine_idling,8398
street_music,8400
jackhammer,8402
jackhammer,8404
air_conditioner,8405
air_conditioner,8408
siren,8413
drilling,8414
dog_bark,8415
children_playing,8418
jackhammer,8423
dog_bark,8426
drilling,8433
air_conditioner,8436
air_conditioner,8439
car_horn,8451
car_horn,8452
jackhammer,8454
jackhammer,8455
street_music,8456
engine_idling,8461
dog_bark,8463
street_music,8468
dog_bark,8478
engine_idling,8480
children_playing,8481
street_music,8487
siren,8488
jackhammer,8489
engine_idling,8490
car_horn,8494
jackhammer,8495
street_music,8497
car_horn,8504
street_music,8505
street_music,8506
siren,8509
jackhammer,8516
street_music,8517
car_horn,8521
dog_bark,8525
drilling,8528
gun_shot,8529
street_music,8530
air_conditioner,8532
jackhammer,8533
jackhammer,8537
jackhammer,8541
engine_idling,8545
engine_idling,8548
car_horn,8549
car_horn,8550
engine_idling,8551
street_music,8554
jackhammer,8555
car_horn,8556
car_horn,8557
jackhammer,8559
street_music,8561
air_conditioner,8563
gun_shot,8566
jackhammer,8567
siren,8572
engine_idling,8573
engine_idling,8574
dog_bark,8576
jackhammer,8577
engine_idling,8583
drilling,8585
drilling,8591
car_horn,8592
car_horn,8593
air_conditioner,8600
dog_bark,8601
jackhammer,8602
car_horn,8606
car_horn,8608
dog_bark,8619
drilling,8622
children_playing,8623
street_music,8629
dog_bark,8631
air_conditioner,8633
street_music,8634
siren,8638
car_horn,8642
street_music,8645
jackhammer,8647
air_conditioner,8648
siren,8652
car_horn,8655
dog_bark,8661
dog_bark,8662
jackhammer,8668
jackhammer,8669
siren,8671
air_conditioner,8672
dog_bark,8674
dog_bark,8680
air_conditioner,8683
street_music,8686
car_horn,8687
engine_idling,8688
drilling,8689
dog_bark,8692
air_conditioner,8696
street_music,8697
drilling,8698
children_playing,8700
drilling,8702
drilling,8708
street_music,8718
drilling,8719
siren,8730
siren,8731
